{
  "label": "human_baseline",
  "feature_count": 34,
  "mean": [114.2, 44.17872791287681, 67.0, 169.0, 96.0, 91.0, 181.0, 25.913317039699876, 149.0, 207.0, 184.0, 47.5, 305.25, 69.85476003823933, 216.0, 375.0, 315.0, 125.25, 0.2017480676772622, 0.10214735012950027, 0.4290779028079423, 0.38720771376970003, 4.1450521580157704E-5, 0.007748373466468841, 0.014923498435381802, -0.04878270801059079, 0.1382095367444646, 0.0, 0.0, 0.0, 0.0, 1.001457592889965, 1.0, 0.0],
  "stddev": [0.0, 0.0, 0.0, 0.0, 0.0, 0.0, 0.0, 0.0, 0.0, 0.0, 0.0, 0.0, 0.0, 0.0, 0.0, 0.0, 0.0, 0.0, 0.0, 0.0, 0.0, 0.0, 0.0, 0.0, 0.0, 0.0, 0.0, 0.0, 0.0, 0.0, 0.0, 0.0, 0.0, 0.0]
}
